encode_accession,file_name,path,expected_bytes,actual_bytes,status,sha256,checksum_origin,assay_context,sequence_role,label_role,license,downstream_overlap_status,admitted_as_intervention_data
ENCFF036JGU,ENCFF036JGU.fastq.gz,/mnt/cunyuliu/mrna_editflow_p0/ENCSR854RUF/reconstructed/ENCFF036JGU.fastq.gz,4511888049,4511888049,VERIFIED,e4161926bcd480a6e1d8434466881fc0993d83b27fadbfd34af9ed9525c0cbaf,downloader_verified_manifest,MPRAu_raw_RNA_DNA_reporter_reads,observational_or_pretraining_input_candidate,not_admitted_as_intervention_label_in_D0,ENCODE_unrestricted_public_release|ENA_INSDC_free_unrestricted_access_with_citation,UNKNOWN_REQUIRES_D1_B0_AUDIT,false
ENCFF041NRK,ENCFF041NRK.fastq.gz,/mnt/cunyuliu/mrna_editflow_p0/ENCSR854RUF/reconstructed/ENCFF041NRK.fastq.gz,5371243320,5371243320,VERIFIED,7b668eb7874acd760cb8062413df363b37bd36d0ee57d7569c5a6ac861b8afc5,downloader_verified_manifest,MPRAu_raw_RNA_DNA_reporter_reads,observational_or_pretraining_input_candidate,not_admitted_as_intervention_label_in_D0,ENCODE_unrestricted_public_release|ENA_INSDC_free_unrestricted_access_with_citation,UNKNOWN_REQUIRES_D1_B0_AUDIT,false
ENCFF050GOU,ENCFF050GOU.fastq.gz,/mnt/cunyuliu/mrna_editflow_p0/ENCSR854RUF/reconstructed/ENCFF050GOU.fastq.gz,5568919599,5568919599,VERIFIED,d720187f1c5f3dc937b40e52db9b79529696b853acbdbe8314af6ebc9e4278e7,downloader_verified_manifest,MPRAu_raw_RNA_DNA_reporter_reads,observational_or_pretraining_input_candidate,not_admitted_as_intervention_label_in_D0,ENCODE_unrestricted_public_release|ENA_INSDC_free_unrestricted_access_with_citation,UNKNOWN_REQUIRES_D1_B0_AUDIT,false
ENCFF074CAZ,ENCFF074CAZ.fastq.gz,/mnt/cunyuliu/mrna_editflow_p0/ENCSR854RUF/reconstructed/ENCFF074CAZ.fastq.gz,6702097638,6702097638,VERIFIED,e2384afb7b8e20cd839ed65f4fae8fa4447b8a042e49d08f7094c3346559210d,downloader_verified_manifest,MPRAu_raw_RNA_DNA_reporter_reads,observational_or_pretraining_input_candidate,not_admitted_as_intervention_label_in_D0,ENCODE_unrestricted_public_release|ENA_INSDC_free_unrestricted_access_with_citation,UNKNOWN_REQUIRES_D1_B0_AUDIT,false
ENCFF095XOM,ENCFF095XOM.fastq.gz,/mnt/cunyuliu/mrna_editflow_p0/ENCSR854RUF/reconstructed/ENCFF095XOM.fastq.gz,9022977549,9022977549,VERIFIED,c82da5f15bb6ace93e2c1d60370dcb48286fc8f28fb92109cd1a92cbeadcb7f2,downloader_verified_manifest,MPRAu_raw_RNA_DNA_reporter_reads,observational_or_pretraining_input_candidate,not_admitted_as_intervention_label_in_D0,ENCODE_unrestricted_public_release|ENA_INSDC_free_unrestricted_access_with_citation,UNKNOWN_REQUIRES_D1_B0_AUDIT,false
ENCFF117RKS,ENCFF117RKS.fastq.gz,/mnt/cunyuliu/mrna_editflow_p0/ENCSR854RUF/reconstructed/ENCFF117RKS.fastq.gz,5572346008,5572346008,VERIFIED,2a7673e65bbfa34010da2243ff9ba3755fb834de20735a3431062dc3591d2aec,downloader_verified_manifest,MPRAu_raw_RNA_DNA_reporter_reads,observational_or_pretraining_input_candidate,not_admitted_as_intervention_label_in_D0,ENCODE_unrestricted_public_release|ENA_INSDC_free_unrestricted_access_with_citation,UNKNOWN_REQUIRES_D1_B0_AUDIT,false
ENCFF123ZGQ,ENCFF123ZGQ.fastq.gz,/mnt/cunyuliu/mrna_editflow_p0/ENCSR854RUF/reconstructed/ENCFF123ZGQ.fastq.gz,5122605053,5122605053,VERIFIED,fdcd0ffeb2addfde08c9ed8c179941f5c1dda3fb231da9b4e315c6682d1a3d8e,downloader_verified_manifest,MPRAu_raw_RNA_DNA_reporter_reads,observational_or_pretraining_input_candidate,not_admitted_as_intervention_label_in_D0,ENCODE_unrestricted_public_release|ENA_INSDC_free_unrestricted_access_with_citation,UNKNOWN_REQUIRES_D1_B0_AUDIT,false
ENCFF128ECB,ENCFF128ECB.fastq.gz,/mnt/cunyuliu/mrna_editflow_p0/ENCSR854RUF/reconstructed/ENCFF128ECB.fastq.gz,5969540530,5969540530,VERIFIED,4de62e35bfe651e71788c1b4cd266c284238a7767141f617b21050d22efde788,downloader_verified_manifest,MPRAu_raw_RNA_DNA_reporter_reads,observational_or_pretraining_input_candidate,not_admitted_as_intervention_label_in_D0,ENCODE_unrestricted_public_release|ENA_INSDC_free_unrestricted_access_with_citation,UNKNOWN_REQUIRES_D1_B0_AUDIT,false
ENCFF140HKT,ENCFF140HKT.fastq.gz,/mnt/cunyuliu/mrna_editflow_p0/ENCSR854RUF/reconstructed/ENCFF140HKT.fastq.gz,6400487305,6400487305,VERIFIED,e6aadb4458bb3a7c06addcac8341f2d7414004907adccbee1c71dd8eca9ee578,downloader_verified_manifest,MPRAu_raw_RNA_DNA_reporter_reads,observational_or_pretraining_input_candidate,not_admitted_as_intervention_label_in_D0,ENCODE_unrestricted_public_release|ENA_INSDC_free_unrestricted_access_with_citation,UNKNOWN_REQUIRES_D1_B0_AUDIT,false
ENCFF147TCF,ENCFF147TCF.fastq.gz,/mnt/cunyuliu/mrna_editflow_p0/ENCSR854RUF/reconstructed/ENCFF147TCF.fastq.gz,7313652546,7313652546,VERIFIED,96aa8ecd60e84af42033ea3510997d537b7b2e0894b2aead9d9891138538a472,downloader_verified_manifest,MPRAu_raw_RNA_DNA_reporter_reads,observational_or_pretraining_input_candidate,not_admitted_as_intervention_label_in_D0,ENCODE_unrestricted_public_release|ENA_INSDC_free_unrestricted_access_with_citation,UNKNOWN_REQUIRES_D1_B0_AUDIT,false
ENCFF152GWF,ENCFF152GWF.fastq.gz,/mnt/cunyuliu/mrna_editflow_p0/ENCSR854RUF/reconstructed/ENCFF152GWF.fastq.gz,5077827197,5077827197,VERIFIED,2bb5372b3b1f651a8cb755bf2e0f19dc7b31d7e31d2be610b448c276764c0472,downloader_verified_manifest,MPRAu_raw_RNA_DNA_reporter_reads,observational_or_pretraining_input_candidate,not_admitted_as_intervention_label_in_D0,ENCODE_unrestricted_public_release|ENA_INSDC_free_unrestricted_access_with_citation,UNKNOWN_REQUIRES_D1_B0_AUDIT,false
ENCFF180DYL,ENCFF180DYL.fastq.gz,/mnt/cunyuliu/mrna_editflow_p0/ENCSR854RUF/reconstructed/ENCFF180DYL.fastq.gz,6946447986,6946447986,VERIFIED,fe18f59eaff3a766b9ede6054cdef1e0b6d66e153e13cfe9e0de17a2f65df0a9,downloader_verified_manifest,MPRAu_raw_RNA_DNA_reporter_reads,observational_or_pretraining_input_candidate,not_admitted_as_intervention_label_in_D0,ENCODE_unrestricted_public_release|ENA_INSDC_free_unrestricted_access_with_citation,UNKNOWN_REQUIRES_D1_B0_AUDIT,false
ENCFF182YLY,ENCFF182YLY.fastq.gz,/mnt/cunyuliu/mrna_editflow_p0/ENCSR854RUF/reconstructed/ENCFF182YLY.fastq.gz,5441777079,5441777079,VERIFIED,aa5c76246c3b68c1032a980f4230c6a4ca13587b71e894a9669480f2a6e66f31,downloader_verified_manifest,MPRAu_raw_RNA_DNA_reporter_reads,observational_or_pretraining_input_candidate,not_admitted_as_intervention_label_in_D0,ENCODE_unrestricted_public_release|ENA_INSDC_free_unrestricted_access_with_citation,UNKNOWN_REQUIRES_D1_B0_AUDIT,false
ENCFF205TMI,ENCFF205TMI.fastq.gz,/mnt/cunyuliu/mrna_editflow_p0/ENCSR854RUF/reconstructed/ENCFF205TMI.fastq.gz,5314730189,5314730189,VERIFIED,b5f471f0d48a6103caea815657ec0007ee055ddcc3e9f32e465975267cb8b16d,downloader_verified_manifest,MPRAu_raw_RNA_DNA_reporter_reads,observational_or_pretraining_input_candidate,not_admitted_as_intervention_label_in_D0,ENCODE_unrestricted_public_release|ENA_INSDC_free_unrestricted_access_with_citation,UNKNOWN_REQUIRES_D1_B0_AUDIT,false
ENCFF208LGB,ENCFF208LGB.fastq.gz,/mnt/cunyuliu/mrna_editflow_p0/ENCSR854RUF/reconstructed/ENCFF208LGB.fastq.gz,5560355729,5560355729,VERIFIED,d445d28308362906da5965424659b7feaa8ef518853ab8a124ada109aa9539b9,downloader_verified_manifest,MPRAu_raw_RNA_DNA_reporter_reads,observational_or_pretraining_input_candidate,not_admitted_as_intervention_label_in_D0,ENCODE_unrestricted_public_release|ENA_INSDC_free_unrestricted_access_with_citation,UNKNOWN_REQUIRES_D1_B0_AUDIT,false
ENCFF289JXA,ENCFF289JXA.fastq.gz,/mnt/cunyuliu/mrna_editflow_p0/ENCSR854RUF/reconstructed/ENCFF289JXA.fastq.gz,6437480739,6437480739,VERIFIED,d231abbd8695d3a427bd9021957cd52c87f95026e41ef6d18b57cc07f85f10aa,downloader_verified_manifest,MPRAu_raw_RNA_DNA_reporter_reads,observational_or_pretraining_input_candidate,not_admitted_as_intervention_label_in_D0,ENCODE_unrestricted_public_release|ENA_INSDC_free_unrestricted_access_with_citation,UNKNOWN_REQUIRES_D1_B0_AUDIT,false
ENCFF290IUS,ENCFF290IUS.fastq.gz,/mnt/cunyuliu/mrna_editflow_p0/ENCSR854RUF/reconstructed/ENCFF290IUS.fastq.gz,6046443627,6046443627,VERIFIED,8c7cc7552b0f621da6960e4b4cc4b1aed5a36ec3019180c1ca981d6025e08433,downloader_verified_manifest,MPRAu_raw_RNA_DNA_reporter_reads,observational_or_pretraining_input_candidate,not_admitted_as_intervention_label_in_D0,ENCODE_unrestricted_public_release|ENA_INSDC_free_unrestricted_access_with_citation,UNKNOWN_REQUIRES_D1_B0_AUDIT,false
ENCFF291WFO,ENCFF291WFO.fastq.gz,/mnt/cunyuliu/mrna_editflow_p0/ENCSR854RUF/reconstructed/ENCFF291WFO.fastq.gz,7789468980,7789468980,VERIFIED,343ee18110ac999445ba0b8ce535d58783b20da749f67e407bb184e4ca638749,downloader_verified_manifest,MPRAu_raw_RNA_DNA_reporter_reads,observational_or_pretraining_input_candidate,not_admitted_as_intervention_label_in_D0,ENCODE_unrestricted_public_release|ENA_INSDC_free_unrestricted_access_with_citation,UNKNOWN_REQUIRES_D1_B0_AUDIT,false
ENCFF309ETT,ENCFF309ETT.fastq.gz,/mnt/cunyuliu/mrna_editflow_p0/ENCSR854RUF/reconstructed/ENCFF309ETT.fastq.gz,5028141851,5028141851,VERIFIED,95e568a6af62807596ffb834e1e4c5086a5915e4653ea6e7582c90cf02d4928b,downloader_verified_manifest,MPRAu_raw_RNA_DNA_reporter_reads,observational_or_pretraining_input_candidate,not_admitted_as_intervention_label_in_D0,ENCODE_unrestricted_public_release|ENA_INSDC_free_unrestricted_access_with_citation,UNKNOWN_REQUIRES_D1_B0_AUDIT,false
ENCFF320LQD,ENCFF320LQD.fastq.gz,/mnt/cunyuliu/mrna_editflow_p0/ENCSR854RUF/reconstructed/ENCFF320LQD.fastq.gz,4316574491,4316574491,VERIFIED,a0568dbd8f5207781ea2a518c63ba7d23c1d6797bb97ce7478ae1ace8564bb3f,downloader_verified_manifest,MPRAu_raw_RNA_DNA_reporter_reads,observational_or_pretraining_input_candidate,not_admitted_as_intervention_label_in_D0,ENCODE_unrestricted_public_release|ENA_INSDC_free_unrestricted_access_with_citation,UNKNOWN_REQUIRES_D1_B0_AUDIT,false
ENCFF331SBQ,ENCFF331SBQ.fastq.gz,/mnt/cunyuliu/mrna_editflow_p0/ENCSR854RUF/reconstructed/ENCFF331SBQ.fastq.gz,5433506112,5433506112,VERIFIED,2d57746b45b8de3aa6bcec1cde742170a3695d245c620f4747ba52fb1ce6e989,downloader_verified_manifest,MPRAu_raw_RNA_DNA_reporter_reads,observational_or_pretraining_input_candidate,not_admitted_as_intervention_label_in_D0,ENCODE_unrestricted_public_release|ENA_INSDC_free_unrestricted_access_with_citation,UNKNOWN_REQUIRES_D1_B0_AUDIT,false
ENCFF350TOW,ENCFF350TOW.fastq.gz,/mnt/cunyuliu/mrna_editflow_p0/ENCSR854RUF/reconstructed/ENCFF350TOW.fastq.gz,6470575490,6470575490,VERIFIED,e9e63eed556e7a149d8dbb2def2860a54c67d0cc0c8893ff36d41fb71bb2ca42,downloader_verified_manifest,MPRAu_raw_RNA_DNA_reporter_reads,observational_or_pretraining_input_candidate,not_admitted_as_intervention_label_in_D0,ENCODE_unrestricted_public_release|ENA_INSDC_free_unrestricted_access_with_citation,UNKNOWN_REQUIRES_D1_B0_AUDIT,false
ENCFF421MBB,ENCFF421MBB.fastq.gz,/mnt/cunyuliu/mrna_editflow_p0/ENCSR854RUF/reconstructed/ENCFF421MBB.fastq.gz,6046213509,6046213509,VERIFIED,20b17249f53451bd2215a4703b726c07aa31938eaf872543f6df94c66c40f9fb,downloader_verified_manifest,MPRAu_raw_RNA_DNA_reporter_reads,observational_or_pretraining_input_candidate,not_admitted_as_intervention_label_in_D0,ENCODE_unrestricted_public_release|ENA_INSDC_free_unrestricted_access_with_citation,UNKNOWN_REQUIRES_D1_B0_AUDIT,false
ENCFF423AHI,ENCFF423AHI.fastq.gz,/mnt/cunyuliu/mrna_editflow_p0/ENCSR854RUF/reconstructed/ENCFF423AHI.fastq.gz,6695394919,6695394919,VERIFIED,ab00f37d2aa276827307628c629752d4f469af8d4f130477a021bed921390497,downloader_verified_manifest,MPRAu_raw_RNA_DNA_reporter_reads,observational_or_pretraining_input_candidate,not_admitted_as_intervention_label_in_D0,ENCODE_unrestricted_public_release|ENA_INSDC_free_unrestricted_access_with_citation,UNKNOWN_REQUIRES_D1_B0_AUDIT,false
ENCFF424PJD,ENCFF424PJD.fastq.gz,/mnt/cunyuliu/mrna_editflow_p0/ENCSR854RUF/reconstructed/ENCFF424PJD.fastq.gz,6625334619,6625334619,VERIFIED,38cbafe41755485d2eca4cdef52a93e106a84b1cfec4ed0cb3710722240729ef,downloader_verified_manifest,MPRAu_raw_RNA_DNA_reporter_reads,observational_or_pretraining_input_candidate,not_admitted_as_intervention_label_in_D0,ENCODE_unrestricted_public_release|ENA_INSDC_free_unrestricted_access_with_citation,UNKNOWN_REQUIRES_D1_B0_AUDIT,false
ENCFF429XMM,ENCFF429XMM.fastq.gz,/mnt/cunyuliu/mrna_editflow_p0/ENCSR854RUF/reconstructed/ENCFF429XMM.fastq.gz,5774148362,5774148362,VERIFIED,2709977469f6b1060e627ccc1589d674881c96245d14dd6917beb90dc0ac8d9f,downloader_verified_manifest,MPRAu_raw_RNA_DNA_reporter_reads,observational_or_pretraining_input_candidate,not_admitted_as_intervention_label_in_D0,ENCODE_unrestricted_public_release|ENA_INSDC_free_unrestricted_access_with_citation,UNKNOWN_REQUIRES_D1_B0_AUDIT,false
ENCFF436QHQ,ENCFF436QHQ.fastq.gz,/mnt/cunyuliu/mrna_editflow_p0/ENCSR854RUF/reconstructed/ENCFF436QHQ.fastq.gz,6244974116,6244974116,VERIFIED,f3a152556bc0ac7fd9ea4814a7307a92b5848800e8ded129014428caf71f59f8,downloader_verified_manifest,MPRAu_raw_RNA_DNA_reporter_reads,observational_or_pretraining_input_candidate,not_admitted_as_intervention_label_in_D0,ENCODE_unrestricted_public_release|ENA_INSDC_free_unrestricted_access_with_citation,UNKNOWN_REQUIRES_D1_B0_AUDIT,false
ENCFF440PGN,ENCFF440PGN.fastq.gz,/mnt/cunyuliu/mrna_editflow_p0/ENCSR854RUF/reconstructed/ENCFF440PGN.fastq.gz,6021905592,6021905592,VERIFIED,9e81ec3863b9bf1597ee68f515e76eba4a3ef6314045d3b1a55613846e960be2,downloader_verified_manifest,MPRAu_raw_RNA_DNA_reporter_reads,observational_or_pretraining_input_candidate,not_admitted_as_intervention_label_in_D0,ENCODE_unrestricted_public_release|ENA_INSDC_free_unrestricted_access_with_citation,UNKNOWN_REQUIRES_D1_B0_AUDIT,false
ENCFF448BTQ,ENCFF448BTQ.fastq.gz,/mnt/cunyuliu/mrna_editflow_p0/ENCSR854RUF/reconstructed/ENCFF448BTQ.fastq.gz,6066615997,6066615997,VERIFIED,066f3314616f7f2afe66ec51172f55042589da89fa8d5b0ddfdf794532156c54,downloader_verified_manifest,MPRAu_raw_RNA_DNA_reporter_reads,observational_or_pretraining_input_candidate,not_admitted_as_intervention_label_in_D0,ENCODE_unrestricted_public_release|ENA_INSDC_free_unrestricted_access_with_citation,UNKNOWN_REQUIRES_D1_B0_AUDIT,false
ENCFF455STH,ENCFF455STH.fastq.gz,/mnt/cunyuliu/mrna_editflow_p0/ENCSR854RUF/reconstructed/ENCFF455STH.fastq.gz,6069537946,6069537946,VERIFIED,6cbd71cf004497b6362b8a1187f79ef5cf2313e493144e258cf3741c52c26afe,downloader_verified_manifest,MPRAu_raw_RNA_DNA_reporter_reads,observational_or_pretraining_input_candidate,not_admitted_as_intervention_label_in_D0,ENCODE_unrestricted_public_release|ENA_INSDC_free_unrestricted_access_with_citation,UNKNOWN_REQUIRES_D1_B0_AUDIT,false
ENCFF469TWG,ENCFF469TWG.fastq.gz,/mnt/cunyuliu/mrna_editflow_p0/ENCSR854RUF/reconstructed/ENCFF469TWG.fastq.gz,6137589999,6137589999,VERIFIED,8926913564c9237a90f965200bb937d111a5e74ef3f7546f7c4853de32af9e3e,downloader_verified_manifest,MPRAu_raw_RNA_DNA_reporter_reads,observational_or_pretraining_input_candidate,not_admitted_as_intervention_label_in_D0,ENCODE_unrestricted_public_release|ENA_INSDC_free_unrestricted_access_with_citation,UNKNOWN_REQUIRES_D1_B0_AUDIT,false
ENCFF478UAO,ENCFF478UAO.fastq.gz,/mnt/cunyuliu/mrna_editflow_p0/ENCSR854RUF/reconstructed/ENCFF478UAO.fastq.gz,4941416369,4941416369,VERIFIED,fc2b69963a29a05728bc0dcf978c46a52290fb9c7c79a0b3bde081d0567005b2,downloader_verified_manifest,MPRAu_raw_RNA_DNA_reporter_reads,observational_or_pretraining_input_candidate,not_admitted_as_intervention_label_in_D0,ENCODE_unrestricted_public_release|ENA_INSDC_free_unrestricted_access_with_citation,UNKNOWN_REQUIRES_D1_B0_AUDIT,false
ENCFF480HDA,ENCFF480HDA.fastq.gz,/mnt/cunyuliu/mrna_editflow_p0/ENCSR854RUF/reconstructed/ENCFF480HDA.fastq.gz,3997860127,3997860127,VERIFIED,03adf12fe693ad24ab61dcfcdef0434096f001c406760a6334fb4406e9428caa,downloader_verified_manifest,MPRAu_raw_RNA_DNA_reporter_reads,observational_or_pretraining_input_candidate,not_admitted_as_intervention_label_in_D0,ENCODE_unrestricted_public_release|ENA_INSDC_free_unrestricted_access_with_citation,UNKNOWN_REQUIRES_D1_B0_AUDIT,false
ENCFF491CBW,ENCFF491CBW.fastq.gz,/mnt/cunyuliu/mrna_editflow_p0/ENCSR854RUF/reconstructed/ENCFF491CBW.fastq.gz,5980511136,5980511136,VERIFIED,d245c929db1047156758d9661cc91775408e2483b4330b9c157a842255308a59,downloader_verified_manifest,MPRAu_raw_RNA_DNA_reporter_reads,observational_or_pretraining_input_candidate,not_admitted_as_intervention_label_in_D0,ENCODE_unrestricted_public_release|ENA_INSDC_free_unrestricted_access_with_citation,UNKNOWN_REQUIRES_D1_B0_AUDIT,false
ENCFF515PKV,ENCFF515PKV.fastq.gz,/mnt/cunyuliu/mrna_editflow_p0/ENCSR854RUF/reconstructed/ENCFF515PKV.fastq.gz,11092933000,11092933000,VERIFIED,ae8422dde74052a110fb9de0c885116681de3f23464a6e05d85914921c719f0e,downloader_verified_manifest,MPRAu_raw_RNA_DNA_reporter_reads,observational_or_pretraining_input_candidate,not_admitted_as_intervention_label_in_D0,ENCODE_unrestricted_public_release|ENA_INSDC_free_unrestricted_access_with_citation,UNKNOWN_REQUIRES_D1_B0_AUDIT,false
ENCFF520FLU,ENCFF520FLU.fastq.gz,/mnt/cunyuliu/mrna_editflow_p0/ENCSR854RUF/reconstructed/ENCFF520FLU.fastq.gz,6839190475,6839190475,VERIFIED,c9f86ebe051e6dcf4a67e0c2a9be5e7a60f6b02e0bdd709d2f14c8a032b78bd3,downloader_verified_manifest,MPRAu_raw_RNA_DNA_reporter_reads,observational_or_pretraining_input_candidate,not_admitted_as_intervention_label_in_D0,ENCODE_unrestricted_public_release|ENA_INSDC_free_unrestricted_access_with_citation,UNKNOWN_REQUIRES_D1_B0_AUDIT,false
ENCFF535YTL,ENCFF535YTL.fastq.gz,/mnt/cunyuliu/mrna_editflow_p0/ENCSR854RUF/reconstructed/ENCFF535YTL.fastq.gz,10302613175,10302613175,VERIFIED,29a6c1b1fa2784bf5ccea04995b33c78af3527e03ec3af453623b11fd6705e5f,downloader_verified_manifest,MPRAu_raw_RNA_DNA_reporter_reads,observational_or_pretraining_input_candidate,not_admitted_as_intervention_label_in_D0,ENCODE_unrestricted_public_release|ENA_INSDC_free_unrestricted_access_with_citation,UNKNOWN_REQUIRES_D1_B0_AUDIT,false
ENCFF537NDP,ENCFF537NDP.fastq.gz,/mnt/cunyuliu/mrna_editflow_p0/ENCSR854RUF/reconstructed/ENCFF537NDP.fastq.gz,5784715041,5784715041,VERIFIED,6fb8fe93b46404f851e653186ca7a9cd1f142cf082d72487516f961a12ff9da0,downloader_verified_manifest,MPRAu_raw_RNA_DNA_reporter_reads,observational_or_pretraining_input_candidate,not_admitted_as_intervention_label_in_D0,ENCODE_unrestricted_public_release|ENA_INSDC_free_unrestricted_access_with_citation,UNKNOWN_REQUIRES_D1_B0_AUDIT,false
ENCFF541ZNH,ENCFF541ZNH.fastq.gz,/mnt/cunyuliu/mrna_editflow_p0/ENCSR854RUF/reconstructed/ENCFF541ZNH.fastq.gz,7284041389,7284041389,VERIFIED,35b7d7fc063542dc80c0a931da0b805859b1ae60994f18883832db151a7e867e,downloader_verified_manifest,MPRAu_raw_RNA_DNA_reporter_reads,observational_or_pretraining_input_candidate,not_admitted_as_intervention_label_in_D0,ENCODE_unrestricted_public_release|ENA_INSDC_free_unrestricted_access_with_citation,UNKNOWN_REQUIRES_D1_B0_AUDIT,false
ENCFF543HPG,ENCFF543HPG.fastq.gz,/mnt/cunyuliu/mrna_editflow_p0/ENCSR854RUF/reconstructed/ENCFF543HPG.fastq.gz,6375033427,6375033427,VERIFIED,85f012c315ccebda78bd77672a3de6b9a87a484c290d43cf2b2eb28bf8d4617a,downloader_verified_manifest,MPRAu_raw_RNA_DNA_reporter_reads,observational_or_pretraining_input_candidate,not_admitted_as_intervention_label_in_D0,ENCODE_unrestricted_public_release|ENA_INSDC_free_unrestricted_access_with_citation,UNKNOWN_REQUIRES_D1_B0_AUDIT,false
ENCFF577WFE,ENCFF577WFE.fastq.gz,/mnt/cunyuliu/mrna_editflow_p0/ENCSR854RUF/reconstructed/ENCFF577WFE.fastq.gz,4751739628,4751739628,VERIFIED,0b9d7fcb8c35b8ac54aa2777a6a9fb71d6188648ac1d6bf23084c0d16e181c5e,downloader_verified_manifest,MPRAu_raw_RNA_DNA_reporter_reads,observational_or_pretraining_input_candidate,not_admitted_as_intervention_label_in_D0,ENCODE_unrestricted_public_release|ENA_INSDC_free_unrestricted_access_with_citation,UNKNOWN_REQUIRES_D1_B0_AUDIT,false
ENCFF597AIT,ENCFF597AIT.fastq.gz,,12545926768,0,MISSING_MANIFEST_ROW,,downloader_verified_manifest,MPRAu_raw_RNA_DNA_reporter_reads,observational_or_pretraining_input_candidate,not_admitted_as_intervention_label_in_D0,ENCODE_unrestricted_public_release|ENA_INSDC_free_unrestricted_access_with_citation,UNKNOWN_REQUIRES_D1_B0_AUDIT,false
ENCFF650VDV,ENCFF650VDV.fastq.gz,/mnt/cunyuliu/mrna_editflow_p0/ENCSR854RUF/reconstructed/ENCFF650VDV.fastq.gz,5710627924,5710627924,VERIFIED,a6bd0e5d5453bbd9b29e18e641eac72e8c796c12026494243f7e797a8e7f3535,downloader_verified_manifest,MPRAu_raw_RNA_DNA_reporter_reads,observational_or_pretraining_input_candidate,not_admitted_as_intervention_label_in_D0,ENCODE_unrestricted_public_release|ENA_INSDC_free_unrestricted_access_with_citation,UNKNOWN_REQUIRES_D1_B0_AUDIT,false
ENCFF679QCK,ENCFF679QCK.fastq.gz,/mnt/cunyuliu/mrna_editflow_p0/ENCSR854RUF/reconstructed/ENCFF679QCK.fastq.gz,6499965516,6499965516,VERIFIED,3756b7bb1303301dd0447f11c4e9b236a8ab7ae5b25aefff3de6a91a77f072c9,downloader_verified_manifest,MPRAu_raw_RNA_DNA_reporter_reads,observational_or_pretraining_input_candidate,not_admitted_as_intervention_label_in_D0,ENCODE_unrestricted_public_release|ENA_INSDC_free_unrestricted_access_with_citation,UNKNOWN_REQUIRES_D1_B0_AUDIT,false
ENCFF688YHE,ENCFF688YHE.fastq.gz,/mnt/cunyuliu/mrna_editflow_p0/ENCSR854RUF/reconstructed/ENCFF688YHE.fastq.gz,5426027032,5426027032,VERIFIED,4d3e263ef000166adce38f33098e5033bd54d8f8aaf2b4f1f33e59904b779b0e,downloader_verified_manifest,MPRAu_raw_RNA_DNA_reporter_reads,observational_or_pretraining_input_candidate,not_admitted_as_intervention_label_in_D0,ENCODE_unrestricted_public_release|ENA_INSDC_free_unrestricted_access_with_citation,UNKNOWN_REQUIRES_D1_B0_AUDIT,false
ENCFF695GKX,ENCFF695GKX.fastq.gz,/mnt/cunyuliu/mrna_editflow_p0/ENCSR854RUF/reconstructed/ENCFF695GKX.fastq.gz,5982506132,5982506132,VERIFIED,6b9210d0b5590490176075d215cf082bbb98e1f875b28fc01e81850f45f1da13,downloader_verified_manifest,MPRAu_raw_RNA_DNA_reporter_reads,observational_or_pretraining_input_candidate,not_admitted_as_intervention_label_in_D0,ENCODE_unrestricted_public_release|ENA_INSDC_free_unrestricted_access_with_citation,UNKNOWN_REQUIRES_D1_B0_AUDIT,false
ENCFF705ECI,ENCFF705ECI.fastq.gz,/mnt/cunyuliu/mrna_editflow_p0/ENCSR854RUF/reconstructed/ENCFF705ECI.fastq.gz,4917778845,4917778845,VERIFIED,cc1d301001a45f4fc618e9405da27f10b8a2b19a6223404bc0b81e48c13e3a37,downloader_verified_manifest,MPRAu_raw_RNA_DNA_reporter_reads,observational_or_pretraining_input_candidate,not_admitted_as_intervention_label_in_D0,ENCODE_unrestricted_public_release|ENA_INSDC_free_unrestricted_access_with_citation,UNKNOWN_REQUIRES_D1_B0_AUDIT,false
ENCFF737RZD,ENCFF737RZD.fastq.gz,/mnt/cunyuliu/mrna_editflow_p0/ENCSR854RUF/reconstructed/ENCFF737RZD.fastq.gz,6165961003,6165961003,VERIFIED,a949761c8104f1dbbf6cc4490b2b2d7f630ac67cabeca218a0427518e7e485a9,downloader_verified_manifest,MPRAu_raw_RNA_DNA_reporter_reads,observational_or_pretraining_input_candidate,not_admitted_as_intervention_label_in_D0,ENCODE_unrestricted_public_release|ENA_INSDC_free_unrestricted_access_with_citation,UNKNOWN_REQUIRES_D1_B0_AUDIT,false
ENCFF766PWH,ENCFF766PWH.fastq.gz,/mnt/cunyuliu/mrna_editflow_p0/ENCSR854RUF/reconstructed/ENCFF766PWH.fastq.gz,5969700476,5969700476,VERIFIED,e6bf913803d679916f8c1220c3e6f5ca5ab6ac9e2dac24f11412e2e852f07805,downloader_verified_manifest,MPRAu_raw_RNA_DNA_reporter_reads,observational_or_pretraining_input_candidate,not_admitted_as_intervention_label_in_D0,ENCODE_unrestricted_public_release|ENA_INSDC_free_unrestricted_access_with_citation,UNKNOWN_REQUIRES_D1_B0_AUDIT,false
ENCFF793WIR,ENCFF793WIR.fastq.gz,/mnt/cunyuliu/mrna_editflow_p0/ENCSR854RUF/reconstructed/ENCFF793WIR.fastq.gz,5956266859,5956266859,VERIFIED,7602743f73969c4d93b62a91ac58221f10a0eb7fb24e52ccb5db9f42ee7fc811,downloader_verified_manifest,MPRAu_raw_RNA_DNA_reporter_reads,observational_or_pretraining_input_candidate,not_admitted_as_intervention_label_in_D0,ENCODE_unrestricted_public_release|ENA_INSDC_free_unrestricted_access_with_citation,UNKNOWN_REQUIRES_D1_B0_AUDIT,false
ENCFF857WHG,ENCFF857WHG.fastq.gz,/mnt/cunyuliu/mrna_editflow_p0/ENCSR854RUF/reconstructed/ENCFF857WHG.fastq.gz,4942771407,4942771407,VERIFIED,366fadbddbb553e02c73eda1222921da3efc76b2347efd4ea903bd226c19651d,downloader_verified_manifest,MPRAu_raw_RNA_DNA_reporter_reads,observational_or_pretraining_input_candidate,not_admitted_as_intervention_label_in_D0,ENCODE_unrestricted_public_release|ENA_INSDC_free_unrestricted_access_with_citation,UNKNOWN_REQUIRES_D1_B0_AUDIT,false
ENCFF857YDL,ENCFF857YDL.fastq.gz,/mnt/cunyuliu/mrna_editflow_p0/ENCSR854RUF/reconstructed/ENCFF857YDL.fastq.gz,6856809759,6856809759,VERIFIED,2976f25af3128af4e30862ddaca6b9023b907654bb49cfcd66dd3c973dd2678e,downloader_verified_manifest,MPRAu_raw_RNA_DNA_reporter_reads,observational_or_pretraining_input_candidate,not_admitted_as_intervention_label_in_D0,ENCODE_unrestricted_public_release|ENA_INSDC_free_unrestricted_access_with_citation,UNKNOWN_REQUIRES_D1_B0_AUDIT,false
ENCFF862CXO,ENCFF862CXO.fastq.gz,/mnt/cunyuliu/mrna_editflow_p0/ENCSR854RUF/reconstructed/ENCFF862CXO.fastq.gz,5307053579,5307053579,VERIFIED,afdb5ae32e742b5a8de066fdb3cdea1c56ca37b74a435da6a133dfd727790d9e,downloader_verified_manifest,MPRAu_raw_RNA_DNA_reporter_reads,observational_or_pretraining_input_candidate,not_admitted_as_intervention_label_in_D0,ENCODE_unrestricted_public_release|ENA_INSDC_free_unrestricted_access_with_citation,UNKNOWN_REQUIRES_D1_B0_AUDIT,false
ENCFF876RBX,ENCFF876RBX.fastq.gz,/mnt/cunyuliu/mrna_editflow_p0/ENCSR854RUF/reconstructed/ENCFF876RBX.fastq.gz,7095507241,7095507241,VERIFIED,6ca6664af4c486b2e4c47c35a580bf1cff11c9c8cae20bee46441240eb6490dc,downloader_verified_manifest,MPRAu_raw_RNA_DNA_reporter_reads,observational_or_pretraining_input_candidate,not_admitted_as_intervention_label_in_D0,ENCODE_unrestricted_public_release|ENA_INSDC_free_unrestricted_access_with_citation,UNKNOWN_REQUIRES_D1_B0_AUDIT,false
ENCFF888PTL,ENCFF888PTL.fastq.gz,/mnt/cunyuliu/mrna_editflow_p0/ENCSR854RUF/reconstructed/ENCFF888PTL.fastq.gz,5577817679,5577817679,VERIFIED,356036f2ef200dc673e57f182157b89a023de78500630998bc9731937e8e5871,downloader_verified_manifest,MPRAu_raw_RNA_DNA_reporter_reads,observational_or_pretraining_input_candidate,not_admitted_as_intervention_label_in_D0,ENCODE_unrestricted_public_release|ENA_INSDC_free_unrestricted_access_with_citation,UNKNOWN_REQUIRES_D1_B0_AUDIT,false
ENCFF907TNP,ENCFF907TNP.fastq.gz,/mnt/cunyuliu/mrna_editflow_p0/ENCSR854RUF/reconstructed/ENCFF907TNP.fastq.gz,4916162670,4916162670,VERIFIED,e7da272ccf7ba733c94a86c8b9cbee362745b063cd5e38b120abddec8088c83f,downloader_verified_manifest,MPRAu_raw_RNA_DNA_reporter_reads,observational_or_pretraining_input_candidate,not_admitted_as_intervention_label_in_D0,ENCODE_unrestricted_public_release|ENA_INSDC_free_unrestricted_access_with_citation,UNKNOWN_REQUIRES_D1_B0_AUDIT,false
ENCFF913CIO,ENCFF913CIO.fastq.gz,/mnt/cunyuliu/mrna_editflow_p0/ENCSR854RUF/reconstructed/ENCFF913CIO.fastq.gz,5755670630,5755670630,VERIFIED,ed385dca7f688e0d56f4647a27dd6acde81b7fb51c0cac8456d11e20c09964ec,downloader_verified_manifest,MPRAu_raw_RNA_DNA_reporter_reads,observational_or_pretraining_input_candidate,not_admitted_as_intervention_label_in_D0,ENCODE_unrestricted_public_release|ENA_INSDC_free_unrestricted_access_with_citation,UNKNOWN_REQUIRES_D1_B0_AUDIT,false
ENCFF957TLC,ENCFF957TLC.fastq.gz,/mnt/cunyuliu/mrna_editflow_p0/ENCSR854RUF/reconstructed/ENCFF957TLC.fastq.gz,5450275572,5450275572,VERIFIED,adbb73d0e05e670087a45d439aeca0716d02a5f11f2a05517651fb5faca643f7,downloader_verified_manifest,MPRAu_raw_RNA_DNA_reporter_reads,observational_or_pretraining_input_candidate,not_admitted_as_intervention_label_in_D0,ENCODE_unrestricted_public_release|ENA_INSDC_free_unrestricted_access_with_citation,UNKNOWN_REQUIRES_D1_B0_AUDIT,false
ENCFF961FRD,ENCFF961FRD.fastq.gz,/mnt/cunyuliu/mrna_editflow_p0/ENCSR854RUF/reconstructed/ENCFF961FRD.fastq.gz,4418848497,4418848497,VERIFIED,225171bb2a2a3651e924c6f46bdcfb398d5632001ac6359366616ccebc6b63c2,downloader_verified_manifest,MPRAu_raw_RNA_DNA_reporter_reads,observational_or_pretraining_input_candidate,not_admitted_as_intervention_label_in_D0,ENCODE_unrestricted_public_release|ENA_INSDC_free_unrestricted_access_with_citation,UNKNOWN_REQUIRES_D1_B0_AUDIT,false
ENCFF980XFV,ENCFF980XFV.fastq.gz,/mnt/cunyuliu/mrna_editflow_p0/ENCSR854RUF/reconstructed/ENCFF980XFV.fastq.gz,4564668540,4564668540,VERIFIED,1de784f572291900edbda8ff014cd494e36cc70a66dc5a93ad241e96b364e35a,downloader_verified_manifest,MPRAu_raw_RNA_DNA_reporter_reads,observational_or_pretraining_input_candidate,not_admitted_as_intervention_label_in_D0,ENCODE_unrestricted_public_release|ENA_INSDC_free_unrestricted_access_with_citation,UNKNOWN_REQUIRES_D1_B0_AUDIT,false
ENCFF984DLV,ENCFF984DLV.fastq.gz,/mnt/cunyuliu/mrna_editflow_p0/ENCSR854RUF/reconstructed/ENCFF984DLV.fastq.gz,5217603284,5217603284,VERIFIED,6d0b54aeade97f7998c11532fa6064b8bad4b2dcc9a2d8ed1619b980732ad057,downloader_verified_manifest,MPRAu_raw_RNA_DNA_reporter_reads,observational_or_pretraining_input_candidate,not_admitted_as_intervention_label_in_D0,ENCODE_unrestricted_public_release|ENA_INSDC_free_unrestricted_access_with_citation,UNKNOWN_REQUIRES_D1_B0_AUDIT,false
ENCFF984LYP,ENCFF984LYP.fastq.gz,/mnt/cunyuliu/mrna_editflow_p0/ENCSR854RUF/reconstructed/ENCFF984LYP.fastq.gz,4861026305,4861026305,VERIFIED,c3a4ed49b59b84c823eba109776a6b94333ec38ad042413680efd65643b48d8b,downloader_verified_manifest,MPRAu_raw_RNA_DNA_reporter_reads,observational_or_pretraining_input_candidate,not_admitted_as_intervention_label_in_D0,ENCODE_unrestricted_public_release|ENA_INSDC_free_unrestricted_access_with_citation,UNKNOWN_REQUIRES_D1_B0_AUDIT,false
