result_row_id,method_id,result_status,source_count,candidate_count,critic_layer_status,source_macro_critic_max_uplift_over_source,source_macro_critic_mean_uplift_over_source,critic_score_defined_source_count,independent_layer_status,source_macro_independent_evaluator_max_uplift_over_source,measured_layer_status,source_macro_candidate_recovery_rate,source_macro_measured_top_k_recovery_at_k,source_macro_recovered_measured_ndcg_at_k,recovered_measured_ndcg_defined_source_count,recovered_measured_ndcg_role,source_macro_closed_measured_ndcg_at_k,closed_measured_ndcg_defined_source_count,source_macro_normalized_regret,normalized_regret_defined_source_count,unknown_generated_candidates_are_zero_gain,generated_candidates_grant_canonical_credit,cross_layer_numeric_ranking_allowed,biological_improvement_claim_allowed,development_test_read,new_final_evaluation_read,guided_required,guided_executed,claim_boundary,evidence_locator
G-3L-01,random_legal,EXECUTED_TERMINAL_MATCHED_DEVELOPMENT,891,28512,TERMINAL_GUIDING_CRITIC_SELF_SCORE_891_SOURCE,0.6083826913710529,-0.009728889336953761,891,TERMINAL_FROZEN_EVALUATOR_DEVELOPMENT_METHOD_SELECTION_ONLY,0.8895981152584791,SPARSE_MEASURED_RECOVERY_ONLY_CLOSED_NDCG_UNDEFINED,0.07697343808454919,0.004769921436588103,0.46485108888512494,168,CONDITIONAL_ON_RECOVERED_MEASURED_CANDIDATES_NOT_CLOSED_SUPPORT,,0,,6,false,false,false,false,false,false,false,false,Critic self-score and independent evaluator are Development computational signals; measured evidence is sparse recovery with zero closed-NDCG-defined sources. No layer establishes biological improvement.,audits/route_a_v3_route2_v332_generation_three_layer_terminal_snapshot_v1.json;docs/paper/route2_v332_generation_baseline_table_v1.csv
G-3L-02,greedy,EXECUTED_TERMINAL_MATCHED_DEVELOPMENT,891,28512,TERMINAL_GUIDING_CRITIC_SELF_SCORE_891_SOURCE,0.8945380156958009,0.579550056563592,891,TERMINAL_FROZEN_EVALUATOR_DEVELOPMENT_METHOD_SELECTION_ONLY,0.7978649849258154,SPARSE_MEASURED_RECOVERY_ONLY_CLOSED_NDCG_UNDEFINED,0.06584362139917695,0.003647586980920314,0.5665481903412365,124,CONDITIONAL_ON_RECOVERED_MEASURED_CANDIDATES_NOT_CLOSED_SUPPORT,,0,,5,false,false,false,false,false,false,false,false,Critic self-score and independent evaluator are Development computational signals; measured evidence is sparse recovery with zero closed-NDCG-defined sources. No layer establishes biological improvement.,audits/route_a_v3_route2_v332_generation_three_layer_terminal_snapshot_v1.json;docs/paper/route2_v332_generation_baseline_table_v1.csv
G-3L-03,beam,EXECUTED_TERMINAL_MATCHED_DEVELOPMENT,891,28512,TERMINAL_GUIDING_CRITIC_SELF_SCORE_891_SOURCE,0.7157481758281438,0.4304653602661659,891,TERMINAL_FROZEN_EVALUATOR_DEVELOPMENT_METHOD_SELECTION_ONLY,0.753651145139059,SPARSE_MEASURED_RECOVERY_ONLY_CLOSED_NDCG_UNDEFINED,0.08024691358024691,0.004395809951365507,0.5821372028246976,160,CONDITIONAL_ON_RECOVERED_MEASURED_CANDIDATES_NOT_CLOSED_SUPPORT,,0,,5,false,false,false,false,false,false,false,false,Critic self-score and independent evaluator are Development computational signals; measured evidence is sparse recovery with zero closed-NDCG-defined sources. No layer establishes biological improvement.,audits/route_a_v3_route2_v332_generation_three_layer_terminal_snapshot_v1.json;docs/paper/route2_v332_generation_baseline_table_v1.csv
G-3L-04,genetic,EXECUTED_TERMINAL_MATCHED_DEVELOPMENT,891,28512,TERMINAL_GUIDING_CRITIC_SELF_SCORE_891_SOURCE,1.1912207428186161,0.8166852227263738,891,TERMINAL_FROZEN_EVALUATOR_DEVELOPMENT_METHOD_SELECTION_ONLY,1.0978248587628674,SPARSE_MEASURED_RECOVERY_ONLY_CLOSED_NDCG_UNDEFINED,0.05443322109988777,0.0028058361391694723,0.5142369140428034,108,CONDITIONAL_ON_RECOVERED_MEASURED_CANDIDATES_NOT_CLOSED_SUPPORT,,0,,2,false,false,false,false,false,false,false,false,Critic self-score and independent evaluator are Development computational signals; measured evidence is sparse recovery with zero closed-NDCG-defined sources. No layer establishes biological improvement.,audits/route_a_v3_route2_v332_generation_three_layer_terminal_snapshot_v1.json;docs/paper/route2_v332_generation_baseline_table_v1.csv
G-3L-05,local_search,EXECUTED_TERMINAL_MATCHED_DEVELOPMENT,891,21027,TERMINAL_GUIDING_CRITIC_SELF_SCORE_891_SOURCE,0.8812244279617413,0.6035246400302642,891,TERMINAL_FROZEN_EVALUATOR_DEVELOPMENT_METHOD_SELECTION_ONLY,0.8681430120928386,SPARSE_MEASURED_RECOVERY_ONLY_CLOSED_NDCG_UNDEFINED,0.0036475869809203137,0.0022446689113355778,0.4682823351139952,11,CONDITIONAL_ON_RECOVERED_MEASURED_CANDIDATES_NOT_CLOSED_SUPPORT,,0,,0,false,false,false,false,false,false,false,false,Critic self-score and independent evaluator are Development computational signals; measured evidence is sparse recovery with zero closed-NDCG-defined sources. No layer establishes biological improvement.,audits/route_a_v3_route2_v332_generation_three_layer_terminal_snapshot_v1.json;docs/paper/route2_v332_generation_baseline_table_v1.csv
G-3L-06,generate_then_rerank,EXECUTED_TERMINAL_MATCHED_DEVELOPMENT,891,28512,TERMINAL_GUIDING_CRITIC_SELF_SCORE_891_SOURCE,0.8671468421398724,0.4592076547968585,891,TERMINAL_FROZEN_EVALUATOR_DEVELOPMENT_METHOD_SELECTION_ONLY,1.0575961389910224,SPARSE_MEASURED_RECOVERY_ONLY_CLOSED_NDCG_UNDEFINED,0.06827534605312383,0.004395809951365506,0.5976715096103061,136,CONDITIONAL_ON_RECOVERED_MEASURED_CANDIDATES_NOT_CLOSED_SUPPORT,,0,,6,false,false,false,false,false,false,false,false,Critic self-score and independent evaluator are Development computational signals; measured evidence is sparse recovery with zero closed-NDCG-defined sources. No layer establishes biological improvement.,audits/route_a_v3_route2_v332_generation_three_layer_terminal_snapshot_v1.json;docs/paper/route2_v332_generation_baseline_table_v1.csv
G-3L-07,unguided_learned_base_flow_g0,EXECUTED_TERMINAL_MATCHED_DEVELOPMENT,891,28512,NOT_APPLICABLE_NO_CRITIC_CALLS,,,0,TERMINAL_FROZEN_EVALUATOR_DEVELOPMENT_METHOD_SELECTION_ONLY,0.9076756850620846,SPARSE_MEASURED_RECOVERY_ONLY_CLOSED_NDCG_UNDEFINED,0.20286195286195285,0.09797305278909313,0.5081619176644783,400,CONDITIONAL_ON_RECOVERED_MEASURED_CANDIDATES_NOT_CLOSED_SUPPORT,,0,,165,false,false,false,false,false,false,false,false,Critic self-score and independent evaluator are Development computational signals; measured evidence is sparse recovery with zero closed-NDCG-defined sources. No layer establishes biological improvement.,audits/route_a_v3_route2_v332_generation_three_layer_terminal_snapshot_v1.json;docs/paper/route2_v332_generation_baseline_table_v1.csv
G-3L-08,first_order_rate_guidance,NOT_RUN_CRITIC_V2_NO_GO,891,,NOT_RUN_CRITIC_V2_NO_GO,,,,NOT_RUN_CRITIC_V2_NO_GO,,NOT_RUN_CRITIC_V2_NO_GO,,,,,,,,,,,false,false,false,false,false,true,false,Critic V2 terminal NO-GO prohibits guided execution; all three evidence layers are unavailable and remain blank rather than zero.,configs/route_a_v3_route2_baseline_inventory_v1.json;audits/route_a_v3_route2_generation_action_space_geometry_v1.json;audits/route_a_v3_route2_critic_v2_control_terminal_no_go_v1.json;MBP-10
G-3L-09,frozen_critic_xeditflow,NOT_RUN_CRITIC_V2_NO_GO,891,,NOT_RUN_CRITIC_V2_NO_GO,,,,NOT_RUN_CRITIC_V2_NO_GO,,NOT_RUN_CRITIC_V2_NO_GO,,,,,,,,,,,false,false,false,false,false,true,false,Critic V2 terminal NO-GO prohibits guided execution; all three evidence layers are unavailable and remain blank rather than zero.,configs/route_a_v3_route2_baseline_inventory_v1.json;audits/route_a_v3_route2_generation_action_space_geometry_v1.json;audits/route_a_v3_route2_critic_v2_control_terminal_no_go_v1.json;MBP-10
