matrix_row_id,track,baseline_family,contract_requirement,implementation_id,task_interface,input_information,execution_status_v332,contract_coverage_status,current_scope,native_track_status,terminal_evidence_class,headline_eligible_now,development_test_accessed,new_final_evaluation_accessed,guided_required,guided_executed,primary_limitation,evidence_locator
P-IC-01,PREDICTION,INTERNAL_CONTROL,global mean,global_mean,COMMON_SOURCE_RELATIVE_TASK,no sequence; global target mean,EXECUTED_DEVELOPMENT_VALIDATION,SATISFIED_STANDALONE,DEVELOPMENT_VALIDATION_ONLY,NOT_APPLICABLE,MINIMUM_PACKAGE_AGGREGATE_PLUS_CONFIG,false,false,false,false,false,"Global mean is a sanity control, not a transfer claim.",configs/route_a_v3_route2_classical_hpo_v1.json;MBP-08
P-IC-02,PREDICTION,INTERNAL_CONTROL,study mean,context_only_mean,COMMON_SOURCE_RELATIVE_TASK,study + biological context + endpoint,MAPPED_COMPOSITE_DEVELOPMENT_CONTROL,SATISFIED_COMPOSITE_WITH_LIMIT,DEVELOPMENT_VALIDATION_ONLY,NOT_APPLICABLE,MINIMUM_PACKAGE_AGGREGATE_PLUS_CONFIG,false,false,false,false,false,No standalone study-only mean is retained; the executed grouped mean is finer than the named requirement.,configs/route_a_v3_route2_classical_hpo_v1.json;MBP-08
P-IC-03,PREDICTION,INTERNAL_CONTROL,source mean,source_group_mean,COMMON_SOURCE_RELATIVE_TASK,study + source + biological context + endpoint,EXECUTED_DEVELOPMENT_VALIDATION,SATISFIED_STANDALONE,DEVELOPMENT_VALIDATION_ONLY,NOT_APPLICABLE,MINIMUM_PACKAGE_AGGREGATE_PLUS_CONFIG,false,false,false,false,false,Source-group mean cannot establish candidate-specific signal.,configs/route_a_v3_route2_classical_hpo_v1.json;MBP-08
P-IC-04,PREDICTION,INTERNAL_CONTROL,majority sign,majority_sign,COMMON_SOURCE_RELATIVE_TASK,target sign prevalence only,EXECUTED_DEVELOPMENT_VALIDATION,SATISFIED_STANDALONE,DEVELOPMENT_VALIDATION_ONLY,NOT_APPLICABLE,MINIMUM_PACKAGE_AGGREGATE_PLUS_CONFIG,false,false,false,false,false,Sign prevalence is a sanity control.,configs/route_a_v3_route2_classical_hpo_v1.json;MBP-08
P-IC-05,PREDICTION,INTERNAL_CONTROL,edit-position only,edit_position_only_ridge,COMMON_SOURCE_RELATIVE_TASK,edit position only,EXECUTED_DEVELOPMENT_VALIDATION,SATISFIED_STANDALONE,DEVELOPMENT_VALIDATION_ONLY,NOT_APPLICABLE,MINIMUM_PACKAGE_AGGREGATE_PLUS_CONFIG,false,false,false,false,false,Position-only signal does not establish sequence understanding.,configs/route_a_v3_route2_classical_hpo_v1.json;MBP-08
P-IC-06,PREDICTION,INTERNAL_CONTROL,ref-to-alt identity only,ref_alt_only_ridge,COMMON_SOURCE_RELATIVE_TASK,reference and alternate nucleotide identity,EXECUTED_DEVELOPMENT_VALIDATION,SATISFIED_STANDALONE,DEVELOPMENT_VALIDATION_ONLY,NOT_APPLICABLE,MINIMUM_PACKAGE_AGGREGATE_PLUS_CONFIG,false,false,false,false,false,Identity-only signal omits broader sequence context.,configs/route_a_v3_route2_classical_hpo_v1.json;MBP-08
P-IC-07,PREDICTION,INTERNAL_CONTROL,GC/MFE/motif,gc_mfe_motif_ridge,COMMON_SOURCE_RELATIVE_TASK,"GC, MFE, and motif summaries",EXECUTED_DEVELOPMENT_VALIDATION,SATISFIED_STANDALONE,DEVELOPMENT_VALIDATION_ONLY,NOT_APPLICABLE,MINIMUM_PACKAGE_AGGREGATE_PLUS_CONFIG,false,false,false,false,false,Hand-crafted summaries are a diagnostic baseline.,configs/route_a_v3_route2_classical_hpo_v1.json;MBP-08
P-IC-08,PREDICTION,INTERNAL_CONTROL,anchor/source only,source_only_ridge|critic_v2_source_only,COMMON_SOURCE_RELATIVE_TASK,source/anchor and metadata; no candidate sequence,EXECUTED_DEVELOPMENT_AND_TERMINAL_CONTROL,SATISFIED_STANDALONE,DEVELOPMENT_VALIDATION_ONLY,NOT_APPLICABLE,TERMINAL_CONTROL_AUDIT,false,false,false,false,false,Candidate-specific predictive signal is intentionally removed.,configs/route_a_v3_route2_classical_hpo_v1.json;MBP-08;audits/route_a_v3_route2_critic_v2_control_terminal_no_go_v1.json
P-IC-09,PREDICTION,INTERNAL_CONTROL,candidate only,candidate_only_ridge,COMMON_SOURCE_RELATIVE_TASK,candidate sequence and metadata; no explicit source,EXECUTED_DEVELOPMENT_VALIDATION,SATISFIED_STANDALONE,DEVELOPMENT_VALIDATION_ONLY,NOT_APPLICABLE,MINIMUM_PACKAGE_AGGREGATE_PLUS_CONFIG,false,false,false,false,false,No explicit source-relative comparison is available.,configs/route_a_v3_route2_classical_hpo_v1.json;MBP-08
P-IC-10,PREDICTION,INTERNAL_CONTROL,candidate permutation,candidate_permutation_ridge|critic_v2_candidate_permutation,COMMON_SOURCE_RELATIVE_TASK,within-stratum permuted candidate,EXECUTED_DEVELOPMENT_AND_TERMINAL_CONTROL,SATISFIED_STANDALONE,DEVELOPMENT_VALIDATION_ONLY,NOT_APPLICABLE,TERMINAL_CONTROL_AUDIT,false,false,false,false,false,Permutation destroys the intended candidate pairing while preserving the declared stratum.,configs/route_a_v3_route2_classical_hpo_v1.json;MBP-08;audits/route_a_v3_route2_critic_v2_control_terminal_no_go_v1.json
P-IC-11,PREDICTION,INTERNAL_CONTROL,study/context only,context_only_mean,COMMON_SOURCE_RELATIVE_TASK,study + biological context + endpoint,EXECUTED_DEVELOPMENT_VALIDATION,SATISFIED_STANDALONE,DEVELOPMENT_VALIDATION_ONLY,NOT_APPLICABLE,MINIMUM_PACKAGE_AGGREGATE_PLUS_CONFIG,false,false,false,false,false,No source or candidate sequence is used.,configs/route_a_v3_route2_classical_hpo_v1.json;MBP-08
P-CL-01,PREDICTION,CLASSICAL,k-mer ridge,kmer_context_ridge,COMMON_SOURCE_RELATIVE_TASK,source/candidate k-mer and context features,EXECUTED_DEVELOPMENT_VALIDATION,SATISFIED_STANDALONE,DEVELOPMENT_VALIDATION_ONLY,NOT_APPLICABLE,MINIMUM_PACKAGE_AGGREGATE_PLUS_CONFIG,false,false,false,false,false,Linear source-relative comparator only.,configs/route_a_v3_route2_classical_hpo_v1.json;MBP-08
P-CL-02,PREDICTION,CLASSICAL,edit/context elastic net,edit_context_elastic_net,COMMON_SOURCE_RELATIVE_TASK,full edit/context feature matrix,EXECUTED_TERMINAL_DEVELOPMENT_VALIDATION,SATISFIED_STANDALONE,DEVELOPMENT_VALIDATION_ONLY,NOT_APPLICABLE,TERMINAL_DEVELOPMENT_AUDIT,false,false,false,false,false,Recovered solver is terminal on Development validation only.,configs/route_a_v3_route2_classical_hpo_v1.json;MBP-08;audits/route_a_v3_route2_classical_elastic_recovery_v1.json
P-CL-03,PREDICTION,CLASSICAL,source-centered linear,source_centered_ridge,COMMON_SOURCE_RELATIVE_TASK,source-centered sequence/context features,EXECUTED_DEVELOPMENT_VALIDATION,SATISFIED_STANDALONE,DEVELOPMENT_VALIDATION_ONLY,NOT_APPLICABLE,MINIMUM_PACKAGE_AGGREGATE_PLUS_CONFIG,false,false,false,false,false,Linear source-centered comparator only.,configs/route_a_v3_route2_classical_hpo_v1.json;MBP-08
P-CL-04,PREDICTION,CLASSICAL,XGBoost,xgboost_full,COMMON_SOURCE_RELATIVE_TASK,full edit/context feature matrix,EXECUTED_DEVELOPMENT_VALIDATION,SATISFIED_STANDALONE,DEVELOPMENT_VALIDATION_ONLY,NOT_APPLICABLE,MINIMUM_PACKAGE_AGGREGATE_PLUS_CONFIG,false,false,false,false,false,Tree comparator remains Development-only.,configs/route_a_v3_route2_classical_hpo_v1.json;MBP-08
P-CL-05,PREDICTION,CLASSICAL,absolute-candidate predictor,absolute_candidate_difference_ridge::candidate_component,COMMON_SOURCE_RELATIVE_TASK,absolute candidate features,EXECUTED_COMPONENT_WITHIN_ABSOLUTE_DIFFERENCE_PIPELINE,SATISFIED_COMPONENT_WITH_LIMIT,DEVELOPMENT_VALIDATION_ONLY,NOT_APPLICABLE,MINIMUM_PACKAGE_AGGREGATE_PLUS_CONFIG,false,false,false,false,false,The absolute candidate score is retained only as a component; no standalone delta headline is reported.,configs/route_a_v3_route2_classical_hpo_v1.json;MBP-08
P-CL-06,PREDICTION,CLASSICAL,absolute(candidate)-absolute(source),absolute_candidate_difference_ridge,COMMON_SOURCE_RELATIVE_TASK,absolute candidate and source features,EXECUTED_DEVELOPMENT_VALIDATION,SATISFIED_STANDALONE,DEVELOPMENT_VALIDATION_ONLY,NOT_APPLICABLE,MINIMUM_PACKAGE_AGGREGATE_PLUS_CONFIG,false,false,false,false,false,Only the source-relative difference is used for Route 2 comparison.,configs/route_a_v3_route2_classical_hpo_v1.json;MBP-08
P-NN-01,PREDICTION,NEURAL,small CNN,neural_main_2m_candidate_cnn,COMMON_SOURCE_RELATIVE_TASK,candidate sequence + shared task metadata,EXECUTED_DEVELOPMENT_VALIDATION,SATISFIED_STANDALONE,DEVELOPMENT_VALIDATION_ONLY,NOT_APPLICABLE,TERMINAL_DEVELOPMENT_HPO_SELECTION,false,false,false,false,false,Candidate-only CNN lacks an explicit source branch.,audits/route_a_v3_route2_neural_hpo_selection_v1.json;MBP-08
P-NN-02,PREDICTION,NEURAL,small Transformer,neural_main_2m_small_transformer,COMMON_SOURCE_RELATIVE_TASK,source + candidate + signed/absolute representation difference,EXECUTED_DEVELOPMENT_VALIDATION,SATISFIED_STANDALONE,DEVELOPMENT_VALIDATION_ONLY,NOT_APPLICABLE,TERMINAL_DEVELOPMENT_HPO_SELECTION,false,false,false,false,false,Small Transformer comparator is Development-only.,audits/route_a_v3_route2_neural_hpo_selection_v1.json;MBP-08
P-NN-03,PREDICTION,NEURAL,anchored CNN,delta_main_2m::delta_anchored_position_aware_antisymmetric,COMMON_SOURCE_RELATIVE_TASK,source + candidate + edit identity + normalized position,EXECUTED_DEVELOPMENT_VALIDATION,SATISFIED_STANDALONE,DEVELOPMENT_VALIDATION_ONLY,NOT_APPLICABLE,TERMINAL_DEVELOPMENT_HPO_SELECTION,false,false,false,false,false,"This is the non-pretrained anchored CNN family, not the mRNABERT primary critic.",audits/route_a_v3_route2_neural_hpo_selection_v1.json;MBP-08
P-NN-04,PREDICTION,NEURAL,siamese source/candidate encoder,neural_main_2m_siamese_cnn,COMMON_SOURCE_RELATIVE_TASK,shared source/candidate CNN encoders + difference features,EXECUTED_DEVELOPMENT_VALIDATION,SATISFIED_STANDALONE,DEVELOPMENT_VALIDATION_ONLY,NOT_APPLICABLE,TERMINAL_DEVELOPMENT_HPO_SELECTION,false,false,false,false,false,Siamese comparator is Development-only.,audits/route_a_v3_route2_neural_hpo_selection_v1.json;MBP-08
P-NN-05,PREDICTION,NEURAL,full-pair encoder,neural_main_2m_full_pair_cnn,COMMON_SOURCE_RELATIVE_TASK,joint source/candidate/edit/position channels,EXECUTED_DEVELOPMENT_VALIDATION,SATISFIED_STANDALONE,DEVELOPMENT_VALIDATION_ONLY,NOT_APPLICABLE,TERMINAL_DEVELOPMENT_HPO_SELECTION,false,false,false,false,false,Full-pair comparator is Development-only.,audits/route_a_v3_route2_neural_hpo_selection_v1.json;MBP-08
P-NN-06,PREDICTION,NEURAL,ordinal pairwise ranker,delta_main_2m_huber_plus_pairwise,COMMON_SOURCE_RELATIVE_TASK,anchored pair encoder + pairwise ranking loss,CONFIGURED_NOT_TERMINAL_INDEPENDENT_BASELINE,CONFIGURED_NOT_TERMINAL,CONFIGURATION_ONLY,NOT_APPLICABLE,CONFIGURATION_WITHOUT_INDEPENDENT_TERMINAL_SELECTION,false,false,false,false,false,"A runnable loss configuration exists, but no independent terminal selection is present in the frozen neural HPO audit.",configs/route_a_v3_route2_delta_main_2m_huber_plus_pairwise_lr3e4_v1.json;audits/route_a_v3_route2_neural_hpo_selection_v1.json
P-NN-07,PREDICTION,NEURAL,listwise ranker,delta_main_2m_huber_plus_listwise,COMMON_SOURCE_RELATIVE_TASK,anchored pair encoder + listwise ranking loss,CONFIGURED_NOT_TERMINAL_INDEPENDENT_BASELINE,CONFIGURED_NOT_TERMINAL,CONFIGURATION_ONLY,NOT_APPLICABLE,CONFIGURATION_WITHOUT_INDEPENDENT_TERMINAL_SELECTION,false,false,false,false,false,"A runnable loss configuration exists, but no independent terminal selection is present in the frozen neural HPO audit.",configs/route_a_v3_route2_delta_main_2m_huber_plus_listwise_lr3e4_v1.json;audits/route_a_v3_route2_neural_hpo_selection_v1.json
P-EXT-01,PREDICTION,TASK_SPECIFIC_FOUNDATION,task-specific/foundation common-task adapter: APARENT,APARENT,COMMON_SOURCE_RELATIVE_TASK,log2_odds(candidate)-log2_odds(source),EXECUTED_COMMON_TASK_DEVELOPMENT_VALIDATION,SATISFIED_COMMON_TASK_WITH_NATIVE_LIMIT,DEVELOPMENT_VALIDATION_ONLY,OFFICIAL_NOTEBOOK_EXAMPLE_PARITY_ONLY,FROZEN_COMMON_TASK_INVENTORY,false,false,false,false,false,Common-task execution does not establish native-repository parity or independent external transfer.,configs/route_a_v3_route2_baseline_inventory_v1.json;MBP-09
P-EXT-02,PREDICTION,TASK_SPECIFIC_FOUNDATION,task-specific/foundation common-task adapter: FramePool,FramePool,COMMON_SOURCE_RELATIVE_TASK,f(candidate)-f(source),EXECUTED_COMMON_TASK_DEVELOPMENT_VALIDATION,SATISFIED_COMMON_TASK_WITH_NATIVE_LIMIT,DEVELOPMENT_VALIDATION_ONLY,OFFICIAL_REPOSITORY_WEIGHT_PORT_PARITY_PENDING,FROZEN_COMMON_TASK_INVENTORY,false,false,false,false,false,Common-task execution does not establish native-repository parity or independent external transfer.,configs/route_a_v3_route2_baseline_inventory_v1.json;MBP-09
P-EXT-03,PREDICTION,TASK_SPECIFIC_FOUNDATION,task-specific/foundation common-task adapter: Optimus5Prime,Optimus5Prime,COMMON_SOURCE_RELATIVE_TASK,f(candidate)-f(source),EXECUTED_COMMON_TASK_DEVELOPMENT_VALIDATION,SATISFIED_COMMON_TASK_WITH_NATIVE_LIMIT,DEVELOPMENT_VALIDATION_ONLY,OFFICIAL_REPOSITORY_WEIGHT_PORT_PARITY_PENDING,FROZEN_COMMON_TASK_INVENTORY,false,false,false,false,false,Common-task execution does not establish native-repository parity or independent external transfer.,configs/route_a_v3_route2_baseline_inventory_v1.json;MBP-09
P-EXT-04,PREDICTION,TASK_SPECIFIC_FOUNDATION,task-specific/foundation common-task adapter: RNA-FM_MULTI_MOLECULE_BOTTLENECK_ADAPTER,RNA-FM_MULTI_MOLECULE_BOTTLENECK_ADAPTER,COMMON_SOURCE_RELATIVE_TASK,bottleneck(candidate_embedding-source_embedding),EXECUTED_COMMON_TASK_DEVELOPMENT_VALIDATION,SATISFIED_COMMON_TASK_WITH_NATIVE_LIMIT,DEVELOPMENT_VALIDATION_ONLY,UNOFFICIAL_MULTIMOLECULE_CONVERSION_ADAPTER,FROZEN_COMMON_TASK_INVENTORY,false,false,false,false,false,Common-task execution does not establish native-repository parity or independent external transfer.,configs/route_a_v3_route2_baseline_inventory_v1.json;MBP-09
P-EXT-05,PREDICTION,TASK_SPECIFIC_FOUNDATION,task-specific/foundation common-task adapter: RNA-FM_MULTI_MOLECULE_CONVERSION,RNA-FM_MULTI_MOLECULE_CONVERSION,COMMON_SOURCE_RELATIVE_TASK,linear(candidate_embedding-source_embedding),EXECUTED_COMMON_TASK_DEVELOPMENT_VALIDATION,SATISFIED_COMMON_TASK_WITH_NATIVE_LIMIT,DEVELOPMENT_VALIDATION_ONLY,UNOFFICIAL_MULTIMOLECULE_CONVERSION_GPU_LOAD_SMOKE_ONLY,FROZEN_COMMON_TASK_INVENTORY,false,false,false,false,false,Common-task execution does not establish native-repository parity or independent external transfer.,configs/route_a_v3_route2_baseline_inventory_v1.json;MBP-09
P-EXT-06,PREDICTION,TASK_SPECIFIC_FOUNDATION,task-specific/foundation common-task adapter: UTR-LM,UTR-LM,COMMON_SOURCE_RELATIVE_TASK,linear(BOS(candidate)-BOS(source)),EXECUTED_COMMON_TASK_DEVELOPMENT_VALIDATION,SATISFIED_COMMON_TASK_WITH_NATIVE_LIMIT,DEVELOPMENT_VALIDATION_ONLY,OFFICIAL_STRICT_CHECKPOINT_GPU_SMOKE_ONLY,FROZEN_COMMON_TASK_INVENTORY,false,false,false,false,false,Common-task execution does not establish native-repository parity or independent external transfer.,configs/route_a_v3_route2_baseline_inventory_v1.json;MBP-09
P-EXT-07,PREDICTION,TASK_SPECIFIC_FOUNDATION,task-specific/foundation reference: APARENT-Perturb,APARENT-Perturb,NATIVE_OR_LITERATURE_REFERENCE,not executed on the frozen common source-relative interface,LITERATURE_ONLY_TASK_MISMATCH,LITERATURE_ONLY_TASK_MISMATCH,LITERATURE_ONLY,NOT_EXECUTED_OR_TASK_MISMATCH,FROZEN_LIMITATION_INVENTORY,false,false,false,false,false,The available Route 2 APA task does not freeze a matching perturbation and biological-context interface for this native-context reference.,configs/route_a_v3_route2_baseline_inventory_v1.json;MBP-09
P-EXT-08,PREDICTION,TASK_SPECIFIC_FOUNDATION,task-specific/foundation reference: Orthrus,Orthrus,NATIVE_OR_LITERATURE_REFERENCE,not executed on the frozen common source-relative interface,LITERATURE_ONLY_NOT_EXECUTED,LITERATURE_ONLY_NOT_EXECUTED,LITERATURE_ONLY,NOT_EXECUTED_OR_TASK_MISMATCH,FROZEN_LIMITATION_INVENTORY,false,false,false,false,false,No existing project checkpoint was shown to expose the same frozen Route 2 source-relative task interface.,configs/route_a_v3_route2_baseline_inventory_v1.json;MBP-09
P-EXT-09,PREDICTION,TASK_SPECIFIC_FOUNDATION,task-specific/foundation reference: RiNALMo,RiNALMo,NATIVE_OR_LITERATURE_REFERENCE,not executed on the frozen common source-relative interface,LITERATURE_ONLY_NOT_EXECUTED,LITERATURE_ONLY_NOT_EXECUTED,LITERATURE_ONLY,NOT_EXECUTED_OR_TASK_MISMATCH,FROZEN_LIMITATION_INVENTORY,false,false,false,false,false,No Route 2 common-task adapter and frozen official checkpoint were prepared within the current execution budget.,configs/route_a_v3_route2_baseline_inventory_v1.json;MBP-09
P-EXT-10,PREDICTION,TASK_SPECIFIC_FOUNDATION,primary foundation predictor reference,mRNABERT_EDIT_CENTERED_CRITIC_V2,COMMON_SOURCE_RELATIVE_TASK_CONTROL_GATE,frozen mRNABERT source/candidate features + Delta head,TERMINAL_CRITIC_V2_NO_GO,PRIMARY_REFERENCE_NOT_BASELINE_WIN,DEVELOPMENT_CONTROL_SCREEN_ONLY,PRETRAINED_ENCODER_FROZEN,TERMINAL_CONTROL_GATE_AUDIT,false,false,false,false,false,"The full arm did not beat the strongest same-information baseline, so three-seed confirmation and guidance stayed closed.",audits/route_a_v3_route2_critic_v2_control_terminal_no_go_v1.json
G-01,GENERATION,SEARCH_FLOW,random legal,random_legal,DEVELOPMENT_SUB_STOP_OPEN_GENERATED_SUPPORT,legal random SUB+STOP,EXECUTED_TERMINAL_MATCHED_DEVELOPMENT,SATISFIED_TERMINAL_MATCHED,DEVELOPMENT_GENERATION_OPEN_SUPPORT,NOT_APPLICABLE,TERMINAL_MATCHED_DEVELOPMENT_TABLE,false,false,false,false,false,Random legal is a matched search control.,docs/paper/route2_v332_generation_baseline_table_v1.csv;audits/route_a_v3_route2_generation_action_space_geometry_v1.json
G-02,GENERATION,SEARCH_FLOW,exhaustive only where enumerable,exhaustive,DEVELOPMENT_SUB_STOP_OPEN_GENERATED_SUPPORT,enumerated 151-state small-space subset,SMALL_SPACE_REFERENCE_NOT_FULL_COHORT_EXECUTION,SATISFIED_SMALL_SPACE_WITH_LIMIT,DEVELOPMENT_GENERATION_OPEN_SUPPORT,NOT_APPLICABLE,FROZEN_LIMITATION_INVENTORY,false,false,false,false,false,Only an outcome-blind 190-source enumerable subset was prepared; it is not full-cohort selector evidence.,configs/route_a_v3_route2_baseline_inventory_v1.json;audits/route_a_v3_route2_generation_action_space_geometry_v1.json
G-03,GENERATION,SEARCH_FLOW,greedy,greedy,DEVELOPMENT_SUB_STOP_OPEN_GENERATED_SUPPORT,legal greedy SUB+STOP,EXECUTED_TERMINAL_MATCHED_DEVELOPMENT,SATISFIED_TERMINAL_MATCHED,DEVELOPMENT_GENERATION_OPEN_SUPPORT,NOT_APPLICABLE,TERMINAL_MATCHED_DEVELOPMENT_TABLE,false,false,false,false,false,Terminal matched Development method.,docs/paper/route2_v332_generation_baseline_table_v1.csv;audits/route_a_v3_route2_generation_action_space_geometry_v1.json
G-04,GENERATION,SEARCH_FLOW,beam,beam,DEVELOPMENT_SUB_STOP_OPEN_GENERATED_SUPPORT,legal beam SUB+STOP,EXECUTED_TERMINAL_MATCHED_DEVELOPMENT,SATISFIED_TERMINAL_MATCHED,DEVELOPMENT_GENERATION_OPEN_SUPPORT,NOT_APPLICABLE,TERMINAL_MATCHED_DEVELOPMENT_TABLE,false,false,false,false,false,Terminal matched Development method.,docs/paper/route2_v332_generation_baseline_table_v1.csv;audits/route_a_v3_route2_generation_action_space_geometry_v1.json
G-05,GENERATION,SEARCH_FLOW,genetic,genetic,DEVELOPMENT_SUB_STOP_OPEN_GENERATED_SUPPORT,legal genetic SUB+STOP,EXECUTED_TERMINAL_MATCHED_DEVELOPMENT,SATISFIED_TERMINAL_MATCHED,DEVELOPMENT_GENERATION_OPEN_SUPPORT,NOT_APPLICABLE,TERMINAL_MATCHED_DEVELOPMENT_TABLE,false,false,false,false,false,Terminal matched Development method.,docs/paper/route2_v332_generation_baseline_table_v1.csv;audits/route_a_v3_route2_generation_action_space_geometry_v1.json
G-06,GENERATION,SEARCH_FLOW,simulated annealing/local search,local_search,DEVELOPMENT_SUB_STOP_OPEN_GENERATED_SUPPORT,legal local search SUB+STOP,EXECUTED_TERMINAL_MATCHED_DEVELOPMENT,SATISFIED_TERMINAL_MATCHED,DEVELOPMENT_GENERATION_OPEN_SUPPORT,NOT_APPLICABLE,TERMINAL_MATCHED_DEVELOPMENT_TABLE,false,false,false,false,false,Terminal matched Development method; generation wall time was not retained.,docs/paper/route2_v332_generation_baseline_table_v1.csv;audits/route_a_v3_route2_generation_action_space_geometry_v1.json
G-07,GENERATION,SEARCH_FLOW,generate-N-then-rerank,generate_then_rerank,DEVELOPMENT_SUB_STOP_OPEN_GENERATED_SUPPORT,legal proposal generation followed by frozen reranking,EXECUTED_TERMINAL_MATCHED_DEVELOPMENT,SATISFIED_TERMINAL_MATCHED,DEVELOPMENT_GENERATION_OPEN_SUPPORT,NOT_APPLICABLE,TERMINAL_MATCHED_DEVELOPMENT_TABLE,false,false,false,false,false,Terminal matched Development method.,docs/paper/route2_v332_generation_baseline_table_v1.csv;audits/route_a_v3_route2_generation_action_space_geometry_v1.json
G-08,GENERATION,SEARCH_FLOW,unguided base flow,unguided_learned_base_flow_g0,DEVELOPMENT_SUB_STOP_OPEN_GENERATED_SUPPORT,position/progress Base Flow with legal SUB+STOP,EXECUTED_TERMINAL_MATCHED_DEVELOPMENT,SATISFIED_TERMINAL_MATCHED,DEVELOPMENT_GENERATION_OPEN_SUPPORT,NOT_APPLICABLE,TERMINAL_MATCHED_DEVELOPMENT_TABLE,false,false,false,false,false,FLOW_G0_READY is engineering readiness only and establishes no biological optimization.,docs/paper/route2_v332_generation_baseline_table_v1.csv;audits/route_a_v3_route2_generation_action_space_geometry_v1.json
G-09,GENERATION,SEARCH_FLOW,first-order/rate guidance,first_order_rate_guidance,DEVELOPMENT_SUB_STOP_OPEN_GENERATED_SUPPORT,prospective frozen-critic first-order/rate feedback,NOT_RUN_CRITIC_V2_NO_GO,NOT_AUTHORIZED_DEPENDENCY_NO_GO,NOT_RUN,NOT_APPLICABLE,TERMINAL_DEPENDENCY_NO_GO,false,false,false,true,false,Critic V2 NO-GO prohibits the current guided route.,configs/route_a_v3_route2_baseline_inventory_v1.json;audits/route_a_v3_route2_generation_action_space_geometry_v1.json;audits/route_a_v3_route2_critic_v2_control_terminal_no_go_v1.json;MBP-10
G-10,GENERATION,SEARCH_FLOW,frozen-critic XEditFlow,frozen_critic_xeditflow,DEVELOPMENT_SUB_STOP_OPEN_GENERATED_SUPPORT,prospective Legal XEditFlow with frozen critic,NOT_RUN_CRITIC_V2_NO_GO,NOT_AUTHORIZED_DEPENDENCY_NO_GO,NOT_RUN,NOT_APPLICABLE,TERMINAL_DEPENDENCY_NO_GO,false,false,false,true,false,Critic V2 NO-GO prohibits the current guided route.,configs/route_a_v3_route2_baseline_inventory_v1.json;audits/route_a_v3_route2_generation_action_space_geometry_v1.json;audits/route_a_v3_route2_critic_v2_control_terminal_no_go_v1.json;MBP-10
G-11,GENERATION,SEARCH_FLOW,masked discrete flow/diffusion,masked_discrete_flow_or_diffusion,DEVELOPMENT_SUB_STOP_OPEN_GENERATED_SUPPORT,literature reference with nonmatching action/task interface,LITERATURE_ONLY_TASK_MISMATCH,LITERATURE_ONLY_TASK_MISMATCH,LITERATURE_ONLY,NOT_APPLICABLE,FROZEN_LIMITATION_INVENTORY,false,false,false,false,false,No jointly executable matched Route 2 source-relative SUB+STOP interface was established.,configs/route_a_v3_route2_baseline_inventory_v1.json;audits/route_a_v3_route2_generation_action_space_geometry_v1.json
