task_id,record_count,full_spearman,candidate_permutation_spearman,source_only_spearman,source_edit_metadata_spearman,strongest_baseline_spearman,full_minus_candidate_permutation_spearman,full_minus_strongest_baseline_spearman,full_standardized_mae,strongest_baseline_standardized_mae,full_minus_strongest_baseline_standardized_mae
MEAN_RIBOSOME_LOAD::region=0,730,0.15321493401970032,0.04570910527134861,0.05010369471280254,0.12076860416199604,0.11917400267089086,0.10750582874835171,0.034040931348809464,0.9373080238036904,0.8436740384297207,0.09363398537396972
MPRAU_ALLELIC_SKEW_LOG2_FOLD_CHANGE::region=1,12048,0.006936466346804398,0.0017157273914222635,-0.004755568650074985,-0.01986863246463437,0.024828783456966732,0.0052207389553821345,-0.017892317110162335,1.0513503696041455,1.0214351891124847,0.029915180491660864
PROXIMAL_POLYA_SITE_USAGE_LOG2_ODDS::region=1,2628,0.7027068860657334,0.564821578709551,0.03250330916104257,0.641259838900413,0.7307561230267361,0.13788530735618243,-0.0280492369610027,0.8101545805815185,0.751677106543928,0.058477474037590405
PUBLISHED_REF_VS_ALT_ACTIVITY_LMM_LOG2_FOLD_CHANGE::region=1,274,0.004394162174954733,0.0018654782939754398,-0.10141452972441178,0.01177711519549956,-0.0052438111113798785,0.0025286838809792933,0.009637973286334612,1.3237192900715409,1.2831616994115884,0.04055759065995246
RNA_HALF_LIFE_MINUTES::region=0,400,-0.0006535045082330172,-0.07424413956942531,-0.015319955533527541,0.011610712772428497,-0.05221326628041117,0.0735906350611923,0.05155976177217815,9.86838759978691,9.217991497956865,0.6503961018300455
RNA_HALF_LIFE_MINUTES::region=1,503,-0.021820326819175947,0.021735703280835475,0.0011593962107675213,-0.021776150479535943,-0.002951462162332399,-0.043556030100011425,-0.018868864656843547,1.9479728320180245,1.8069282489019645,0.14104458311606005
TOTAL_POLYSOME_TRANSLATION_EFFICIENCY::region=1,1614,0.016417356743091572,0.03403287618823207,-0.013653478999852264,-0.022350756272115458,-0.0265543367638484,-0.0176155194451405,0.04297169350693997,1.2829290116637004,1.125109762586006,0.1578192490776944
te_log2_polysome_over_totalrna::region=0,48,0.0786276304808456,0.15398563940102247,0.01970416616654998,-0.08442369603636969,0.1746634824142423,-0.07535800892017687,-0.09603585193339668,1.3906488109423663,0.0822659564607117,1.3083828544816545
transcript_log2_totalrna_over_dna::region=0,48,0.10751236417832291,-0.02795280715241491,0.19345908599885436,0.1420234033534423,0.22297003907946156,0.13546517133073782,-0.11545767490113865,1.3929621434702615,0.12767706769227516,1.2652850757779863
