task_id,record_count,spearman,mae,standardized_mae
MEAN_RIBOSOME_LOAD::region=0,730,0.11079866716316802,0.44261629135018593,0.8459343551977438
MPRAU_ALLELIC_SKEW_LOG2_FOLD_CHANGE::region=1,12048,-0.012674017998397819,0.2075868533295187,1.012863650445543
PROXIMAL_POLYA_SITE_USAGE_LOG2_ODDS::region=1,2628,0.7619576378536184,1.2611882690053378,0.7233368809518301
PUBLISHED_REF_VS_ALT_ACTIVITY_LMM_LOG2_FOLD_CHANGE::region=1,274,0.03273531993183622,0.2238405851277802,1.2957996346369167
RNA_HALF_LIFE_MINUTES::region=0,400,-0.10916458562634956,943.736902914343,9.220029033415157
RNA_HALF_LIFE_MINUTES::region=1,503,0.03184292898158197,37.539509248073635,1.7718597519698425
TOTAL_POLYSOME_TRANSLATION_EFFICIENCY::region=1,1614,-0.004868134944219529,0.13864185113577016,1.1081501723331757
te_log2_polysome_over_totalrna::region=0,48,-0.009661311333043857,0.10664575246543488,0.13491936394954487
transcript_log2_totalrna_over_dna::region=0,48,0.1221233174120712,0.12473384783758472,0.15780292265602233
