asset_id,downloaded,processing,training,evaluation,derived_release,raw_redistribution,license_name,license_status,evidence_url
GSE114002::v3.1,YES,YES,UNKNOWN,UNKNOWN,UNKNOWN,UNKNOWN,UNKNOWN,REVIEW_REQUIRED,https://www.ncbi.nlm.nih.gov/geo/query/acc.cgi?acc=GSE114002
GSE145046::v3.1,YES,YES,UNKNOWN,UNKNOWN,UNKNOWN,UNKNOWN,UNKNOWN,REVIEW_REQUIRED,https://www.ncbi.nlm.nih.gov/geo/query/acc.cgi?acc=GSE145046
GSE217518::v3.1,YES,YES,UNKNOWN,UNKNOWN,UNKNOWN,UNKNOWN,UNKNOWN,REVIEW_REQUIRED,https://www.ncbi.nlm.nih.gov/geo/query/acc.cgi?acc=GSE217518
GSE232571::v3.1,YES,YES,UNKNOWN,UNKNOWN,UNKNOWN,UNKNOWN,UNKNOWN,REVIEW_REQUIRED,https://www.ncbi.nlm.nih.gov/geo/query/acc.cgi?acc=GSE232571
GSE232572::v3.1,YES,YES,UNKNOWN,UNKNOWN,UNKNOWN,UNKNOWN,UNKNOWN,REVIEW_REQUIRED,https://www.ncbi.nlm.nih.gov/geo/query/acc.cgi?acc=GSE232572
FAST_UTR_SIEGEL_2022::v3.1,UNKNOWN,UNKNOWN,UNKNOWN,UNKNOWN,UNKNOWN,UNKNOWN,UNKNOWN,REVIEW_REQUIRED,https://github.com/youryurr/fast-UTR
GSE288185::v3.1,YES,YES,UNKNOWN,UNKNOWN,UNKNOWN,UNKNOWN,UNKNOWN,REVIEW_REQUIRED,https://www.ncbi.nlm.nih.gov/geo/query/acc.cgi?acc=GSE288185
GSE256185_DART::v3.1,YES,YES,UNKNOWN,UNKNOWN,UNKNOWN,UNKNOWN,UNKNOWN,REVIEW_REQUIRED,https://www.ncbi.nlm.nih.gov/geo/query/acc.cgi?acc=GSE256185
GSE232927::v3.1,YES,YES,UNKNOWN,UNKNOWN,UNKNOWN,UNKNOWN,UNKNOWN,REVIEW_REQUIRED,https://www.ncbi.nlm.nih.gov/geo/query/acc.cgi?acc=GSE232927
GSE176581::v3.1,YES,YES,UNKNOWN,UNKNOWN,UNKNOWN,UNKNOWN,UNKNOWN,REVIEW_REQUIRED,https://www.ncbi.nlm.nih.gov/geo/query/acc.cgi?acc=GSE176581
ENCSR854RUF::v3.1,YES,YES,UNKNOWN,UNKNOWN,UNKNOWN,UNKNOWN,UNKNOWN,REVIEW_REQUIRED,https://www.encodeproject.org/publication-data/ENCSR854RUF/
GSE149487::v3.1,YES,YES,UNKNOWN,UNKNOWN,UNKNOWN,UNKNOWN,UNKNOWN,REVIEW_REQUIRED,https://www.ncbi.nlm.nih.gov/geo/query/acc.cgi?acc=GSE149487
GSE186455::v3.1,YES,YES,UNKNOWN,UNKNOWN,UNKNOWN,UNKNOWN,UNKNOWN,REVIEW_REQUIRED,https://www.ncbi.nlm.nih.gov/geo/query/acc.cgi?acc=GSE186455
GSE246381::v3.1,YES,YES,UNKNOWN,UNKNOWN,UNKNOWN,UNKNOWN,UNKNOWN,REVIEW_REQUIRED,https://www.ncbi.nlm.nih.gov/geo/query/acc.cgi?acc=GSE246381
NZIP_EMTAB_10902_11572_11575::v3.1,YES,YES,UNKNOWN,UNKNOWN,UNKNOWN,UNKNOWN,UNKNOWN,REVIEW_REQUIRED,https://www.ebi.ac.uk/biostudies/studies/E-MTAB-10902
GSE330741::v3.1,YES,YES,UNKNOWN,UNKNOWN,UNKNOWN,UNKNOWN,UNKNOWN,REVIEW_REQUIRED,https://www.ncbi.nlm.nih.gov/geo/query/acc.cgi?acc=GSE330741
GSE261709::v3.1,YES,YES,UNKNOWN,UNKNOWN,UNKNOWN,UNKNOWN,UNKNOWN,REVIEW_REQUIRED,https://www.ncbi.nlm.nih.gov/geo/query/acc.cgi?acc=GSE261709
GSE298114::v3.1,YES,YES,UNKNOWN,UNKNOWN,UNKNOWN,UNKNOWN,UNKNOWN,REVIEW_REQUIRED,https://www.ncbi.nlm.nih.gov/geo/query/acc.cgi?acc=GSE298114
PTRE_PRJNA1116243::v3.1,YES,YES,UNKNOWN,UNKNOWN,UNKNOWN,UNKNOWN,UNKNOWN,REVIEW_REQUIRED,https://www.ncbi.nlm.nih.gov/bioproject/PRJNA1116243
GSE207584_CLEANUP::v3.1,YES,YES,UNKNOWN,UNKNOWN,UNKNOWN,UNKNOWN,UNKNOWN,REVIEW_REQUIRED,https://www.ncbi.nlm.nih.gov/geo/query/acc.cgi?acc=GSE207584
GSE173083_CLEANUP::v3.1,YES,YES,UNKNOWN,UNKNOWN,UNKNOWN,UNKNOWN,UNKNOWN,REVIEW_REQUIRED,https://www.ncbi.nlm.nih.gov/geo/query/acc.cgi?acc=GSE173083
GSE194092::v3.1,YES,YES,UNKNOWN,UNKNOWN,UNKNOWN,UNKNOWN,UNKNOWN,REVIEW_REQUIRED,https://www.ncbi.nlm.nih.gov/geo/query/acc.cgi?acc=GSE194092
GSE270252_270254::v3.1,YES,YES,UNKNOWN,UNKNOWN,UNKNOWN,UNKNOWN,UNKNOWN,REVIEW_REQUIRED,https://www.ncbi.nlm.nih.gov/geo/query/acc.cgi?acc=GSE270252
GSE173098::v3.1,YES,YES,UNKNOWN,UNKNOWN,UNKNOWN,UNKNOWN,UNKNOWN,REVIEW_REQUIRED,https://www.ncbi.nlm.nih.gov/geo/query/acc.cgi?acc=GSE173098
GSE295080_ISOMPRA::v3.1,YES,YES,UNKNOWN,UNKNOWN,UNKNOWN,UNKNOWN,UNKNOWN,REVIEW_REQUIRED,https://www.ncbi.nlm.nih.gov/geo/query/acc.cgi?acc=GSE295080
GSE291719_SONAR::v3.1,YES,YES,UNKNOWN,UNKNOWN,UNKNOWN,UNKNOWN,UNKNOWN,REVIEW_REQUIRED,https://www.ncbi.nlm.nih.gov/geo/query/acc.cgi?acc=GSE291719
GSE55396_FAST_UTR_2014::v3.1,YES,YES,UNKNOWN,UNKNOWN,UNKNOWN,UNKNOWN,UNKNOWN,REVIEW_REQUIRED,https://www.ncbi.nlm.nih.gov/geo/query/acc.cgi?acc=GSE55396
PASSPORT_SEQ::v3.1,UNKNOWN,UNKNOWN,UNKNOWN,UNKNOWN,UNKNOWN,UNKNOWN,UNKNOWN,REVIEW_REQUIRED,https://www.ncbi.nlm.nih.gov/geo/query/acc.cgi?acc=PASSPORT_SEQ
SEERS::v3.1,UNKNOWN,UNKNOWN,UNKNOWN,UNKNOWN,UNKNOWN,UNKNOWN,UNKNOWN,REVIEW_REQUIRED,https://www.ncbi.nlm.nih.gov/geo/query/acc.cgi?acc=SEERS
